HALO,16K.jpg,4,420.832581
HALO,16K.jpg,8,252.465607
HALO,16K.jpg,16,218.114655
HALO,16K.jpg,32,256.167175
HALO,32K.jpg,4,2097.367676
HALO,32K.jpg,8,1264.604492
HALO,32K.jpg,16,990.446777
HALO,32K.jpg,32,613.883362
HALO,4K.jpg,4,13.807552
HALO,4K.jpg,8,17.152512
HALO,4K.jpg,16,10.912288
HALO,4K.jpg,32,17.477665
HALO,8K.jpg,4,139.367264
HALO,8K.jpg,8,41.994110
HALO,8K.jpg,16,57.600800
HALO,8K.jpg,32,61.787872
CHANNEL_THREAD,16K.jpg,4,562.205017
CHANNEL_THREAD,16K.jpg,8,331.162598
CHANNEL_THREAD,16K.jpg,16,232.984512
CHANNEL_THREAD,32K.jpg,4,1235.102539
CHANNEL_THREAD,32K.jpg,8,876.471558
CHANNEL_THREAD,32K.jpg,16,753.576355
CHANNEL_THREAD,4K.jpg,4,18.202112
CHANNEL_THREAD,4K.jpg,8,21.256737
CHANNEL_THREAD,4K.jpg,16,17.369888
CHANNEL_THREAD,8K.jpg,4,148.719330
CHANNEL_THREAD,8K.jpg,8,96.889374
CHANNEL_THREAD,8K.jpg,16,67.076988
