CHANNEL_THREAD,16K.jpg,4,619.574951
CHANNEL_THREAD,16K.jpg,4,498.439362
CHANNEL_THREAD,16K.jpg,4,620.762268
CHANNEL_THREAD,16K.jpg,4,483.742126
CHANNEL_THREAD,16K.jpg,4,458.096741
CHANNEL_THREAD,16K.jpg,8,278.098267
CHANNEL_THREAD,16K.jpg,8,278.253143
CHANNEL_THREAD,16K.jpg,8,331.523865
CHANNEL_THREAD,16K.jpg,8,278.838989
CHANNEL_THREAD,16K.jpg,8,278.496155
CHANNEL_THREAD,16K.jpg,16,350.262451
CHANNEL_THREAD,16K.jpg,16,349.789917
CHANNEL_THREAD,16K.jpg,16,306.246155
CHANNEL_THREAD,16K.jpg,16,349.973022
CHANNEL_THREAD,16K.jpg,16,234.863098
CHANNEL_THREAD,32K.jpg,4,2649.303467
CHANNEL_THREAD,32K.jpg,4,1027.442383
CHANNEL_THREAD,32K.jpg,4,1084.542969
CHANNEL_THREAD,32K.jpg,4,1164.151367
CHANNEL_THREAD,32K.jpg,4,2488.763916
CHANNEL_THREAD,32K.jpg,8,1322.369995
CHANNEL_THREAD,32K.jpg,8,1554.597534
CHANNEL_THREAD,32K.jpg,8,1123.310913
CHANNEL_THREAD,32K.jpg,8,1556.704102
CHANNEL_THREAD,32K.jpg,8,896.362427
CHANNEL_THREAD,32K.jpg,16,1519.214722
CHANNEL_THREAD,32K.jpg,16,1266.335449
CHANNEL_THREAD,32K.jpg,16,1492.306152
CHANNEL_THREAD,32K.jpg,16,1129.486450
CHANNEL_THREAD,32K.jpg,16,881.099792
CHANNEL_THREAD,4K.jpg,4,36.756802
CHANNEL_THREAD,4K.jpg,4,17.251137
CHANNEL_THREAD,4K.jpg,4,16.734337
CHANNEL_THREAD,4K.jpg,4,30.856735
CHANNEL_THREAD,4K.jpg,4,36.811134
CHANNEL_THREAD,4K.jpg,8,12.004768
CHANNEL_THREAD,4K.jpg,8,21.267424
CHANNEL_THREAD,4K.jpg,8,11.692448
CHANNEL_THREAD,4K.jpg,8,20.884865
CHANNEL_THREAD,4K.jpg,8,11.788576
CHANNEL_THREAD,4K.jpg,16,16.406944
CHANNEL_THREAD,4K.jpg,16,22.284351
CHANNEL_THREAD,4K.jpg,16,11.990784
CHANNEL_THREAD,4K.jpg,16,17.318720
CHANNEL_THREAD,4K.jpg,16,18.746401
CHANNEL_THREAD,8K.jpg,4,76.647491
CHANNEL_THREAD,8K.jpg,4,155.930084
CHANNEL_THREAD,8K.jpg,4,185.196762
CHANNEL_THREAD,8K.jpg,4,185.342010
CHANNEL_THREAD,8K.jpg,4,185.067932
CHANNEL_THREAD,8K.jpg,8,86.173889
CHANNEL_THREAD,8K.jpg,8,50.535648
CHANNEL_THREAD,8K.jpg,8,50.661919
CHANNEL_THREAD,8K.jpg,8,104.477921
CHANNEL_THREAD,8K.jpg,8,73.262077
CHANNEL_THREAD,8K.jpg,16,51.588352
CHANNEL_THREAD,8K.jpg,16,101.113251
CHANNEL_THREAD,8K.jpg,16,101.106850
CHANNEL_THREAD,8K.jpg,16,74.936928
CHANNEL_THREAD,8K.jpg,16,101.198143
